# path	reason. Files another issue still reads; --disk marks each HELD until that issue says so.
data/raw/rtfm/	#180 lane input, held until #180 posts that its lane runs are done
data/raw/usenet_bulk/alt.spanking.reality.moderated.mbox.zip	#180 lane input, held until #180 posts that its lane runs are done
data/raw/usenet_bulk/alt.speech.debate.mbox.zip	#180 lane input, held until #180 posts that its lane runs are done
data/raw/usenet_bulk/alt.spirituality.druid.mbox.zip	#180 lane input, held until #180 posts that its lane runs are done
data/raw/usenet_bulk/alt.spirituality.radical-faerie.mbox.zip	#180 lane input, held until #180 posts that its lane runs are done
data/raw/usenet_bulk/alt.sport.horse-racing.mbox.zip	#180 lane input, held until #180 posts that its lane runs are done
data/raw/usenet_bulk/alt.sports.baseball.chi-whitesox.mbox.zip	#180 lane input, held until #180 posts that its lane runs are done
data/raw/usenet_bulk/alt.sports.baseball.cinci-reds.mbox.zip	#180 lane input, held until #180 posts that its lane runs are done
data/raw/usenet_bulk/alt.sports.baseball.sd-padres.mbox.zip	#180 lane input, held until #180 posts that its lane runs are done
data/raw/usenet_bulk/alt.support.desupernet.mbox.zip	#180 lane input, held until #180 posts that its lane runs are done
data/raw/usenet_bulk/alt.support.hypermobility.mbox.zip	#180 lane input, held until #180 posts that its lane runs are done
data/raw/usenet_bulk/alt.support.impotence.scott-abraham.mbox.zip	#180 lane input, held until #180 posts that its lane runs are done
data/raw/usenet_bulk/alt.support.learning-difficulties.mbox.zip	#180 lane input, held until #180 posts that its lane runs are done
data/raw/usenet_bulk/alt.tv.3djam-tv.mbox.zip	#180 lane input, held until #180 posts that its lane runs are done
data/raw/usenet_bulk/alt.tv.neighbours.mbox.zip	#180 lane input, held until #180 posts that its lane runs are done
data/raw/usenet_bulk/alt.tv.star-trek.jeffery-hunt.mbox.zip	#180 lane input, held until #180 posts that its lane runs are done
data/raw/usenet_bulk/alt.tv.tech.hdtv.mbox.zip	#180 lane input, held until #180 posts that its lane runs are done
data/raw/usenet_bulk/alt.uk.edinburgh.misc.mbox.zip	#180 lane input, held until #180 posts that its lane runs are done
data/raw/usenet_bulk/alt.uk.gay.london.mbox.zip	#180 lane input, held until #180 posts that its lane runs are done
data/raw/usenet_bulk/alt.univ.collegiate.uk.mbox.zip	#180 lane input, held until #180 posts that its lane runs are done
data/raw/usenet_bulk/alt.war.war-of-1812.mbox.zip	#180 lane input, held until #180 posts that its lane runs are done
data/raw/usenet_bulk/alt.yoga.mbox.zip	#180 lane input, held until #180 posts that its lane runs are done
data/raw/usenet_bulk/aus.general.mbox.zip	#180 lane input, held until #180 posts that its lane runs are done
data/raw/usenet_bulk/aus.legal.mbox.zip	#180 lane input, held until #180 posts that its lane runs are done
data/raw/usenet_bulk/aus.religion.christian.mbox.zip	#180 lane input, held until #180 posts that its lane runs are done
data/raw/usenet_bulk/aus.religion.islam.mbox.zip	#180 lane input, held until #180 posts that its lane runs are done
data/raw/usenet_bulk/aus.religion.mbox.zip	#180 lane input, held until #180 posts that its lane runs are done
data/raw/usenet_bulk/comp.dcom.modems.mbox.zip	#180 lane input, held until #180 posts that its lane runs are done
data/raw/usenet_bulk/comp.jobs.contract.mbox.zip	#180 lane input, held until #180 posts that its lane runs are done
data/raw/usenet_bulk/comp.lang.rexx.mbox.zip	#180 lane input, held until #180 posts that its lane runs are done
data/raw/usenet_bulk/comp.misc.mbox.zip	#180 lane input, held until #180 posts that its lane runs are done
data/raw/usenet_bulk/comp.multimedia.mbox.zip	#180 lane input, held until #180 posts that its lane runs are done
data/raw/usenet_bulk/comp.org.eff.talk.mbox.zip	#180 lane input, held until #180 posts that its lane runs are done
data/raw/usenet_bulk/comp.os.ms-windows.advocacy.mbox.zip	#180 lane input, held until #180 posts that its lane runs are done
data/raw/usenet_bulk/comp.os.ms-windows.nt.admin.misc.mbox.zip	#180 lane input, held until #180 posts that its lane runs are done
data/raw/usenet_bulk/comp.os.os2.programmer.tools.mbox.zip	#180 lane input, held until #180 posts that its lane runs are done
data/raw/usenet_bulk/comp.periphs.printers.mbox.zip	#180 lane input, held until #180 posts that its lane runs are done
data/raw/usenet_bulk/comp.unix.bsd.misc.mbox.zip	#180 lane input, held until #180 posts that its lane runs are done
data/raw/usenet_bulk/misc.education.adult.mbox.zip	#180 lane input, held until #180 posts that its lane runs are done
data/raw/usenet_bulk/misc.education.language.english.mbox.zip	#180 lane input, held until #180 posts that its lane runs are done
data/raw/usenet_bulk/misc.forsale.computers.other.software.mbox.zip	#180 lane input, held until #180 posts that its lane runs are done
data/raw/usenet_bulk/rec.collecting.dolls.mbox.zip	#180 lane input, held until #180 posts that its lane runs are done
data/raw/usenet_bulk/rec.music.collecting.vinyl.mbox.zip	#180 lane input, held until #180 posts that its lane runs are done
data/raw/usenet_bulk/soc.college.financial-aid.mbox.zip	#180 lane input, held until #180 posts that its lane runs are done
data/raw/usenet_bulk/soc.culture.korean.mbox.zip	#180 lane input, held until #180 posts that its lane runs are done
data/raw/usenet_bulk/talk.politics.drugs.mbox.zip	#180 lane input, held until #180 posts that its lane runs are done
data/raw/usenet_bulk/uk.games.video.misc.mbox.zip	#180 lane input, held until #180 posts that its lane runs are done
