domain,assigned_year,evidence_type,evidence_value,source,acquisition_method,evidence_url
edwinlorenz.com,2001,cdx_timestamp,20010406232107,ia_cdx,ia_cdx_year_query,https://web.archive.org/web/20010406232107/http://www.edwinlorenz.com:80/
icy-entertainment.de,2001,cdx_timestamp,20010301183801,ia_cdx,ia_cdx_year_query,https://web.archive.org/web/20010301183801/http://www.icy-entertainment.de:80/
immobilien-hakom-grundbesitz.de,2001,cdx_timestamp,20010124185700,ia_cdx,ia_cdx_year_query,https://web.archive.org/web/20010124185700/http://www.immobilien-hakom-grundbesitz.de:80/
kvasupply.com,2000,cdx_timestamp,20000104174245,ia_cdx,ia_cdx_year_query,https://web.archive.org/web/20000104174245/http://www.kvasupply.com:80/
kvasupply.com,2001,cdx_timestamp,20010124072200,ia_cdx,ia_cdx_year_query,https://web.archive.org/web/20010124072200/http://www.kvasupply.com:80/
manatic.com,2000,cdx_timestamp,20000302100954,ia_cdx,ia_cdx_year_query,https://web.archive.org/web/20000302100954/http://www.manatic.com:80/
manatic.com,2001,cdx_timestamp,20010124034700,ia_cdx,ia_cdx_year_query,https://web.archive.org/web/20010124034700/http://www.manatic.com:80/
newworldentertainment.net,2001,cdx_timestamp,20010331165041,ia_cdx,ia_cdx_year_query,https://web.archive.org/web/20010331165041/http://newworldentertainment.net:80/
siimi.com,2000,cdx_timestamp,20000303215742,ia_cdx,ia_cdx_year_query,https://web.archive.org/web/20000303215742/http://www.siimi.com:80/
siimi.com,2001,cdx_timestamp,20010517192730,ia_cdx,ia_cdx_year_query,https://web.archive.org/web/20010517192730/http://www.siimi.com:80/
www.ac.gov.br,1999,cdx_timestamp,19991023041109,early_web_cdx,bulk_cdx_file,https://web.archive.org/web/19991023041109/http://www.ac.gov.br:80/
www.ac.id,1998,cdx_timestamp,19980131195828,early_web_cdx,bulk_cdx_file,https://web.archive.org/web/19980131195828/http://www.ac.id:80/
www.ac.il,1997,cdx_timestamp,19971210212944,early_web_cdx,bulk_cdx_file,https://web.archive.org/web/19971210212944/http://www.ac.il:80/
www.ad,1998,cdx_timestamp,19980202221920,early_web_cdx,bulk_cdx_file,https://web.archive.org/web/19980202221920/http://www.ad:80/
www.ag,1998,cdx_timestamp,19980502015615,early_web_cdx,bulk_cdx_file,https://web.archive.org/web/19980502015615/http://www.ag:80/
www.agric.za,1997,cdx_timestamp,19970710120611,early_web_cdx,bulk_cdx_file,https://web.archive.org/web/19970710120611/http://www.agric.za:80/
www.ai,1998,cdx_timestamp,19980206215526,early_web_cdx,bulk_cdx_file,https://web.archive.org/web/19980206215526/http://www.ai:80/
www.aip.ee,1999,cdx_timestamp,19991022055835,early_web_cdx,bulk_cdx_file,https://web.archive.org/web/19991022055835/http://www.aip.ee:80/
www.altoadige.it,1999,cdx_timestamp,19990125093150,early_web_cdx,bulk_cdx_file,https://web.archive.org/web/19990125093150/http://www.altoadige.it:80/
www.am,1999,cdx_timestamp,19990125093153,early_web_cdx,bulk_cdx_file,https://web.archive.org/web/19990125093153/http://www.am:80/
www.ann-arbor.mi.us,1997,cdx_timestamp,19971211091234,early_web_cdx,bulk_cdx_file,https://web.archive.org/web/19971211091234/http://www.ann-arbor.mi.us:80/
www.ar,1997,cdx_timestamp,19970416062347,early_web_cdx,bulk_cdx_file,https://web.archive.org/web/19970416062347/http://www.ar:80/
www.asn.au,1999,cdx_timestamp,19990208011455,early_web_cdx,bulk_cdx_file,https://web.archive.org/web/19990208011455/http://www.asn.au:80/
www.avoues.fr,1998,cdx_timestamp,19981212023014,early_web_cdx,bulk_cdx_file,https://web.archive.org/web/19981212023014/http://www.avoues.fr:80/
www.az,1998,cdx_timestamp,19981212023025,early_web_cdx,bulk_cdx_file,https://web.archive.org/web/19981212023025/http://www.az:80/
www.bialystok.pl,1997,cdx_timestamp,19970628125107,early_web_cdx,bulk_cdx_file,https://web.archive.org/web/19970628125107/http://www.bialystok.pl:80/
www.boleslawiec.pl,1998,cdx_timestamp,19981212023320,early_web_cdx,bulk_cdx_file,https://web.archive.org/web/19981212023320/http://www.boleslawiec.pl:80/
www.brent.sch.uk,1998,cdx_timestamp,19981202054648,early_web_cdx,bulk_cdx_file,https://web.archive.org/web/19981202054648/http://www.brent.sch.uk:80/
www.bydgoszcz.pl,1997,cdx_timestamp,19970406130325,early_web_cdx,bulk_cdx_file,https://web.archive.org/web/19970406130325/http://www.bydgoszcz.pl:80/
www.cc,1998,cdx_timestamp,19980208224742,early_web_cdx,bulk_cdx_file,https://web.archive.org/web/19980208224742/http://www.cc:80/
www.cc.mn.us,1998,cdx_timestamp,19980505065534,early_web_cdx,bulk_cdx_file,https://web.archive.org/web/19980505065534/http://www.cc.mn.us:80/
www.cg,1999,cdx_timestamp,19990125094112,early_web_cdx,bulk_cdx_file,https://web.archive.org/web/19990125094112/http://www.cg:80/
www.chernigov.ua,1997,cdx_timestamp,19970124043229,early_web_cdx,bulk_cdx_file,https://web.archive.org/web/19970124043229/http://www.chernigov.ua:80/
www.chernovtsy.ua,1998,cdx_timestamp,19981212023728,early_web_cdx,bulk_cdx_file,https://web.archive.org/web/19981212023728/http://www.chernovtsy.ua:80/
www.ck,1996,cdx_timestamp,19961031213636,early_web_cdx,bulk_cdx_file,https://web.archive.org/web/19961031213636/http://www.ck:80/
www.cl,1996,cdx_timestamp,19961227114328,early_web_cdx,bulk_cdx_file,https://web.archive.org/web/19961227114328/http://www.cl:80/
www.cn.ua,1998,cdx_timestamp,19980519001242,early_web_cdx,bulk_cdx_file,https://web.archive.org/web/19980519001242/http://www.cn.ua:80/
www.co.id,1998,cdx_timestamp,19980114171929,early_web_cdx,bulk_cdx_file,https://web.archive.org/web/19980114171929/http://www.co.id:80/
www.co.jp,1996,cdx_timestamp,19961101012051,early_web_cdx,bulk_cdx_file,https://web.archive.org/web/19961101012051/http://www.co.jp:80/
www.co.ls,1999,cdx_timestamp,19991127213906,early_web_cdx,bulk_cdx_file,https://web.archive.org/web/19991127213906/http://www.co.ls:80/
www.co.nz,1996,cdx_timestamp,19961228011130,early_web_cdx,bulk_cdx_file,https://web.archive.org/web/19961228011130/http://www.co.nz:80/
www.com.ar,1998,cdx_timestamp,19980520102841,early_web_cdx,bulk_cdx_file,https://web.archive.org/web/19980520102841/http://www.com.ar:80/
www.com.co,1998,cdx_timestamp,19981206142347,early_web_cdx,bulk_cdx_file,https://web.archive.org/web/19981206142347/http://www.com.co:80/
www.com.do,1997,cdx_timestamp,19970407063615,early_web_cdx,bulk_cdx_file,https://web.archive.org/web/19970407063615/http://www.com.do:80/
www.com.hk,1997,cdx_timestamp,19970105205529,early_web_cdx,bulk_cdx_file,https://web.archive.org/web/19970105205529/http://www.com.hk:80/
www.com.lv,1998,cdx_timestamp,19981202115935,early_web_cdx,bulk_cdx_file,https://web.archive.org/web/19981202115935/http://www.com.lv:80/
www.com.pk,1999,cdx_timestamp,19990117030023,early_web_cdx,bulk_cdx_file,https://web.archive.org/web/19990117030023/http://www.com.pk:80/
www.com.pl,1998,cdx_timestamp,19981111191255,early_web_cdx,bulk_cdx_file,https://web.archive.org/web/19981111191255/http://www.com.pl:80/
www.crimea.ua,1998,cdx_timestamp,19980121100203,early_web_cdx,bulk_cdx_file,https://web.archive.org/web/19980121100203/http://www.crimea.ua:80/
www.cx,1999,cdx_timestamp,19990125094553,early_web_cdx,bulk_cdx_file,https://web.archive.org/web/19990125094553/http://www.cx:80/
www.cz,1996,cdx_timestamp,19961102030144,early_web_cdx,bulk_cdx_file,https://web.archive.org/web/19961102030144/http://www.cz:80/
www.dep.no,1999,cdx_timestamp,19990117002634,early_web_cdx,bulk_cdx_file,https://web.archive.org/web/19990117002634/http://www.dep.no:80/
www.dnepropetrovsk.ua,1999,cdx_timestamp,19990125094829,early_web_cdx,bulk_cdx_file,https://web.archive.org/web/19990125094829/http://www.dnepropetrovsk.ua:80/
www.donetsk.ua,1996,cdx_timestamp,19961029021243,early_web_cdx,bulk_cdx_file,https://web.archive.org/web/19961029021243/http://www.donetsk.ua:80/
www.dp.ua,1998,cdx_timestamp,19981205001622,early_web_cdx,bulk_cdx_file,https://web.archive.org/web/19981205001622/http://www.dp.ua:80/
www.edu.gu,1997,cdx_timestamp,19970503200502,early_web_cdx,bulk_cdx_file,https://web.archive.org/web/19970503200502/http://www.edu.gu:80/
www.ee,1996,cdx_timestamp,19961103185029,early_web_cdx,bulk_cdx_file,https://web.archive.org/web/19961103185029/http://www.ee:80/
www.elblag.pl,1998,cdx_timestamp,19981205191233,early_web_cdx,bulk_cdx_file,https://web.archive.org/web/19981205191233/http://www.elblag.pl:80/
www.es.gov.br,1999,cdx_timestamp,19990125095129,early_web_cdx,bulk_cdx_file,https://web.archive.org/web/19990125095129/http://www.es.gov.br:80/
www.fm,1997,cdx_timestamp,19970402070137,early_web_cdx,bulk_cdx_file,https://web.archive.org/web/19970402070137/http://www.fm:80/
www.gc.ca,1996,cdx_timestamp,19961105044900,early_web_cdx,bulk_cdx_file,https://web.archive.org/web/19961105044900/http://www.gc.ca:80/
www.gl,1998,cdx_timestamp,19981111185715,early_web_cdx,bulk_cdx_file,https://web.archive.org/web/19981111185715/http://www.gl:80/
www.glogow.pl,1999,cdx_timestamp,19990125095640,early_web_cdx,bulk_cdx_file,https://web.archive.org/web/19990125095640/http://www.glogow.pl:80/
www.gov.cl,1998,cdx_timestamp,19980128010635,early_web_cdx,bulk_cdx_file,https://web.archive.org/web/19980128010635/http://www.gov.cl:80/
www.gov.gu,1997,cdx_timestamp,19970405160325,early_web_cdx,bulk_cdx_file,https://web.archive.org/web/19970405160325/http://www.gov.gu:80/
www.gov.ir,1999,cdx_timestamp,19990420132814,early_web_cdx,bulk_cdx_file,https://web.archive.org/web/19990420132814/http://www.gov.ir:80/
www.gov.sg,1997,cdx_timestamp,19970217173218,early_web_cdx,bulk_cdx_file,https://web.archive.org/web/19970217173218/http://www.gov.sg:80/
www.gov.tw,1997,cdx_timestamp,19970613025217,early_web_cdx,bulk_cdx_file,https://web.archive.org/web/19970613025217/http://www.gov.tw:80/
www.gov.yu,1998,cdx_timestamp,19980128015041,early_web_cdx,bulk_cdx_file,https://web.archive.org/web/19980128015041/http://www.gov.yu:80/
www.govt.nz,1996,cdx_timestamp,19961105124721,early_web_cdx,bulk_cdx_file,https://web.archive.org/web/19961105124721/http://www.govt.nz:80/
www.gs,1998,cdx_timestamp,19981201063523,early_web_cdx,bulk_cdx_file,https://web.archive.org/web/19981201063523/http://www.gs:80/
www.gt,1997,cdx_timestamp,19970124054745,early_web_cdx,bulk_cdx_file,https://web.archive.org/web/19970124054745/http://www.gt:80/
www.hn,1998,cdx_timestamp,19981202094651,early_web_cdx,bulk_cdx_file,https://web.archive.org/web/19981202094651/http://www.hn:80/
www.hr,1997,cdx_timestamp,19970107220632,early_web_cdx,bulk_cdx_file,https://web.archive.org/web/19970107220632/http://www.hr:80/
www.id.au,1997,cdx_timestamp,19970711043814,early_web_cdx,bulk_cdx_file,https://web.archive.org/web/19970711043814/http://www.id.au:80/
www.il,1998,cdx_timestamp,19980214225238,early_web_cdx,bulk_cdx_file,https://web.archive.org/web/19980214225238/http://www.il:80/
www.info.pl,1998,cdx_timestamp,19981212025900,early_web_cdx,bulk_cdx_file,https://web.archive.org/web/19981212025900/http://www.info.pl:80/
www.io,1998,cdx_timestamp,19981111185731,early_web_cdx,bulk_cdx_file,https://web.archive.org/web/19981111185731/http://www.io:80/
www.jgora.pl,1997,cdx_timestamp,19970704023732,early_web_cdx,bulk_cdx_file,https://web.archive.org/web/19970704023732/http://www.jgora.pl:80/
www.k12.ar.us,1997,cdx_timestamp,19971210202354,early_web_cdx,bulk_cdx_file,https://web.archive.org/web/19971210202354/http://www.k12.ar.us:80/
www.k12.az.us,1997,cdx_timestamp,19970222012221,early_web_cdx,bulk_cdx_file,https://web.archive.org/web/19970222012221/http://www.k12.az.us:80/
www.k12.ca.us,1998,cdx_timestamp,19981202114641,early_web_cdx,bulk_cdx_file,https://web.archive.org/web/19981202114641/http://www.k12.ca.us:80/
www.k12.dc.us,1996,cdx_timestamp,19961108075720,early_web_cdx,bulk_cdx_file,https://web.archive.org/web/19961108075720/http://www.k12.dc.us:80/
www.k12.in.us,1998,cdx_timestamp,19980127202646,early_web_cdx,bulk_cdx_file,https://web.archive.org/web/19980127202646/http://www.k12.in.us:80/
www.k12.ky.us,1996,cdx_timestamp,19961230140528,early_web_cdx,bulk_cdx_file,https://web.archive.org/web/19961230140528/http://www.k12.ky.us:80/
www.k12.ms.us,1998,cdx_timestamp,19980127202831,early_web_cdx,bulk_cdx_file,https://web.archive.org/web/19980127202831/http://www.k12.ms.us:80/
www.k12.tn.us,1998,cdx_timestamp,19981212030229,early_web_cdx,bulk_cdx_file,https://web.archive.org/web/19981212030229/http://www.k12.tn.us:80/
www.k12.vt.us,1999,cdx_timestamp,19990125100525,early_web_cdx,bulk_cdx_file,https://web.archive.org/web/19990125100525/http://www.k12.vt.us:80/
www.k12.wa.us,1999,cdx_timestamp,19990429072340,early_web_cdx,bulk_cdx_file,https://web.archive.org/web/19990429072340/http://www.k12.wa.us:80/
www.k12.wy.us,1997,cdx_timestamp,19970404161435,early_web_cdx,bulk_cdx_file,https://web.archive.org/web/19970404161435/http://www.k12.wy.us:80/
www.kalisz.pl,1998,cdx_timestamp,19980128065759,early_web_cdx,bulk_cdx_file,https://web.archive.org/web/19980128065759/http://www.kalisz.pl:80/
www.kartuzy.pl,1999,cdx_timestamp,19990125100538,early_web_cdx,bulk_cdx_file,https://web.archive.org/web/19990125100538/http://www.kartuzy.pl:80/
www.kg,1998,cdx_timestamp,19981212030315,early_web_cdx,bulk_cdx_file,https://web.archive.org/web/19981212030315/http://www.kg:80/
www.kh.ua,1998,cdx_timestamp,19981212030315,early_web_cdx,bulk_cdx_file,https://web.archive.org/web/19981212030315/http://www.kh.ua:80/
www.kherson.ua,1998,cdx_timestamp,19981212030328,early_web_cdx,bulk_cdx_file,https://web.archive.org/web/19981212030328/http://www.kherson.ua:80/
www.kiev.ua,1997,cdx_timestamp,19970404180324,early_web_cdx,bulk_cdx_file,https://web.archive.org/web/19970404180324/http://www.kiev.ua:80/
www.kirovograd.ua,1999,cdx_timestamp,19991001092727,early_web_cdx,bulk_cdx_file,https://web.archive.org/web/19991001092727/http://www.kirovograd.ua:80/
www.knowsley.sch.uk,1998,cdx_timestamp,19981111184657,early_web_cdx,bulk_cdx_file,https://web.archive.org/web/19981111184657/http://www.knowsley.sch.uk:80/
www.kolobrzeg.pl,1998,cdx_timestamp,19980202080408,early_web_cdx,bulk_cdx_file,https://web.archive.org/web/19980202080408/http://www.kolobrzeg.pl:80/
www.kz,1997,cdx_timestamp,19970328190612,early_web_cdx,bulk_cdx_file,https://web.archive.org/web/19970328190612/http://www.kz:80/
www.lib.az.us,1997,cdx_timestamp,19970522181452,early_web_cdx,bulk_cdx_file,https://web.archive.org/web/19970522181452/http://www.lib.az.us:80/
www.lib.md.us,1997,cdx_timestamp,19970211103959,early_web_cdx,bulk_cdx_file,https://web.archive.org/web/19970211103959/http://www.lib.md.us:80/
www.lib.ut.us,1998,cdx_timestamp,19981203074938,early_web_cdx,bulk_cdx_file,https://web.archive.org/web/19981203074938/http://www.lib.ut.us:80/
www.lu,1996,cdx_timestamp,19961229215658,early_web_cdx,bulk_cdx_file,https://web.archive.org/web/19961229215658/http://www.lu:80/
www.lugansk.ua,1997,cdx_timestamp,19970504224121,early_web_cdx,bulk_cdx_file,https://web.archive.org/web/19970504224121/http://www.lugansk.ua:8080/
www.lukow.pl,1999,cdx_timestamp,19991006103207,early_web_cdx,bulk_cdx_file,https://web.archive.org/web/19991006103207/http://www.lukow.pl:80/
www.lv,1998,cdx_timestamp,19980612020754,early_web_cdx,bulk_cdx_file,https://web.archive.org/web/19980612020754/http://www.lv:80/
www.ly,1998,cdx_timestamp,19981212030703,early_web_cdx,bulk_cdx_file,https://web.archive.org/web/19981212030703/http://www.ly:80/
www.ma.gov.br,1998,cdx_timestamp,19981206235620,early_web_cdx,bulk_cdx_file,https://web.archive.org/web/19981206235620/http://www.ma.gov.br:80/
www.malopolska.pl,1998,cdx_timestamp,19981206071338,early_web_cdx,bulk_cdx_file,https://web.archive.org/web/19981206071338/http://www.malopolska.pl:80/
www.manaus.br,1998,cdx_timestamp,19981205173730,early_web_cdx,bulk_cdx_file,https://web.archive.org/web/19981205173730/http://www.manaus.br:80/
www.mg.gov.br,1997,cdx_timestamp,19970227190523,early_web_cdx,bulk_cdx_file,https://web.archive.org/web/19970227190523/http://www.mg.gov.br:80/
www.mielno.pl,1998,cdx_timestamp,19980121030744,early_web_cdx,bulk_cdx_file,https://web.archive.org/web/19980121030744/http://www.mielno.pl:80/
www.mil.cl,1998,cdx_timestamp,19980121071507,early_web_cdx,bulk_cdx_file,https://web.archive.org/web/19980121071507/http://www.mil.cl:80/
www.mil.lv,1996,cdx_timestamp,19961111061146,early_web_cdx,bulk_cdx_file,https://web.archive.org/web/19961111061146/http://www.mil.lv:80/
www.mil.no,1998,cdx_timestamp,19981207060642,early_web_cdx,bulk_cdx_file,https://web.archive.org/web/19981207060642/http://www.mil.no:80/
www.ms,1998,cdx_timestamp,19980126120025,early_web_cdx,bulk_cdx_file,https://web.archive.org/web/19980126120025/http://www.ms:80/
www.mt.gov.br,1999,cdx_timestamp,19990508122031,early_web_cdx,bulk_cdx_file,https://web.archive.org/web/19990508122031/http://www.mt.gov.br:80/
www.mw,1998,cdx_timestamp,19981205063843,early_web_cdx,bulk_cdx_file,https://web.archive.org/web/19981205063843/http://www.mw:80/
www.naklo.pl,1999,cdx_timestamp,19990125101515,early_web_cdx,bulk_cdx_file,https://web.archive.org/web/19990125101515/http://www.naklo.pl:80/
www.net.au,1996,cdx_timestamp,19961219112209,early_web_cdx,bulk_cdx_file,https://web.archive.org/web/19961219112209/http://www.net.au:80/
www.net.cn,1999,cdx_timestamp,19990125101534,early_web_cdx,bulk_cdx_file,https://web.archive.org/web/19990125101534/http://www.net.cn:80/
www.net.id,1998,cdx_timestamp,19981206190729,early_web_cdx,bulk_cdx_file,https://web.archive.org/web/19981206190729/http://www.net.id:80/
www.net.kn,1999,cdx_timestamp,19991012053150,early_web_cdx,bulk_cdx_file,https://web.archive.org/web/19991012053150/http://www.net.kn:80/
www.net.lv,1998,cdx_timestamp,19981111183518,early_web_cdx,bulk_cdx_file,https://web.archive.org/web/19981111183518/http://www.net.lv:80/
www.net.my,1998,cdx_timestamp,19981201201903,early_web_cdx,bulk_cdx_file,https://web.archive.org/web/19981201201903/http://www.net.my:80/
www.net.na,1997,cdx_timestamp,19970627014102,early_web_cdx,bulk_cdx_file,https://web.archive.org/web/19970627014102/http://www.net.na:80/
www.net.nz,1997,cdx_timestamp,19970712102836,early_web_cdx,bulk_cdx_file,https://web.archive.org/web/19970712102836/http://www.net.nz:80/
www.net.ua,1998,cdx_timestamp,19981202015238,early_web_cdx,bulk_cdx_file,https://web.archive.org/web/19981202015238/http://www.net.ua:80/
www.nf,1996,cdx_timestamp,19961220213109,early_web_cdx,bulk_cdx_file,https://web.archive.org/web/19961220213109/http://www.nf:80/
www.ni,1997,cdx_timestamp,19970702022632,early_web_cdx,bulk_cdx_file,https://web.archive.org/web/19970702022632/http://www.ni:80/
www.nic.in,1996,cdx_timestamp,19961112211402,early_web_cdx,bulk_cdx_file,https://web.archive.org/web/19961112211402/http://www.nic.in:80/
www.nic.mm,1998,cdx_timestamp,19981111184841,early_web_cdx,bulk_cdx_file,https://web.archive.org/web/19981111184841/http://www.nic.mm:80/
www.nic.tj,1998,cdx_timestamp,19980529225804,early_web_cdx,bulk_cdx_file,https://web.archive.org/web/19980529225804/http://www.nic.tj:80/
www.nis.za,1997,cdx_timestamp,19970501221813,early_web_cdx,bulk_cdx_file,https://web.archive.org/web/19970501221813/http://www.nis.za:80/
www.olkusz.pl,1998,cdx_timestamp,19981202141443,early_web_cdx,bulk_cdx_file,https://web.archive.org/web/19981202141443/http://www.olkusz.pl:80/
www.olsztyn.pl,1998,cdx_timestamp,19981212031559,early_web_cdx,bulk_cdx_file,https://web.archive.org/web/19981212031559/http://www.olsztyn.pl:80/
www.opoczno.pl,1999,cdx_timestamp,19991205095320,early_web_cdx,bulk_cdx_file,https://web.archive.org/web/19991205095320/http://www.opoczno.pl:80/
www.opole.pl,1997,cdx_timestamp,19970419175519,early_web_cdx,bulk_cdx_file,https://web.archive.org/web/19970419175519/http://www.opole.pl:80/
www.org.za,1998,cdx_timestamp,19980212225438,early_web_cdx,bulk_cdx_file,https://web.archive.org/web/19980212225438/http://www.org.za:80/
www.ostroda.pl,1998,cdx_timestamp,19980213131915,early_web_cdx,bulk_cdx_file,https://web.archive.org/web/19980213131915/http://www.ostroda.pl:80/
www.ostrowwlkp.pl,1998,cdx_timestamp,19981212031652,early_web_cdx,bulk_cdx_file,https://web.archive.org/web/19981212031652/http://www.ostrowwlkp.pl:80/
www.pa,1996,cdx_timestamp,19961113085126,early_web_cdx,bulk_cdx_file,https://web.archive.org/web/19961113085126/http://www.pa:80/
www.pb.gov.br,1999,cdx_timestamp,19990417214724,early_web_cdx,bulk_cdx_file,https://web.archive.org/web/19990417214724/http://www.pb.gov.br:80/
www.perrott-hill.sch.uk,1998,cdx_timestamp,19980630080451,early_web_cdx,bulk_cdx_file,https://web.archive.org/web/19980630080451/http://www.perrott-hill.sch.uk:80/
www.pi.gov.br,1998,cdx_timestamp,19981212031903,early_web_cdx,bulk_cdx_file,https://web.archive.org/web/19981212031903/http://www.pi.gov.br:80/
www.pkc.sch.uk,1998,cdx_timestamp,19981212031916,early_web_cdx,bulk_cdx_file,https://web.archive.org/web/19981212031916/http://www.pkc.sch.uk:80/
www.pl,1998,cdx_timestamp,19980415121853,early_web_cdx,bulk_cdx_file,https://web.archive.org/web/19980415121853/http://www.pl:80/
www.police.uk,1996,cdx_timestamp,19961221013827,early_web_cdx,bulk_cdx_file,https://web.archive.org/web/19961221013827/http://www.police.uk:80/
www.poundswick.sch.uk,1998,cdx_timestamp,19980114211420,early_web_cdx,bulk_cdx_file,https://web.archive.org/web/19980114211420/http://www.poundswick.sch.uk:80/
www.qld.gov.au,1997,cdx_timestamp,19970502233037,early_web_cdx,bulk_cdx_file,https://web.archive.org/web/19970502233037/http://www.qld.gov.au:80/
www.radom.pl,1998,cdx_timestamp,19981212032206,early_web_cdx,bulk_cdx_file,https://web.archive.org/web/19981212032206/http://www.radom.pl:80/
www.rzeszow.pl,1998,cdx_timestamp,19981212032449,early_web_cdx,bulk_cdx_file,https://web.archive.org/web/19981212032449/http://www.rzeszow.pl:80/
www.sa.gov.au,1996,cdx_timestamp,19961230095043,early_web_cdx,bulk_cdx_file,https://web.archive.org/web/19961230095043/http://www.sa.gov.au:80/
www.sc,1998,cdx_timestamp,19980130082532,early_web_cdx,bulk_cdx_file,https://web.archive.org/web/19980130082532/http://www.sc:80/
www.school.nz,1999,cdx_timestamp,19991117182628,early_web_cdx,bulk_cdx_file,https://web.archive.org/web/19991117182628/http://www.school.nz:80/
www.school.za,1998,cdx_timestamp,19980130212044,early_web_cdx,bulk_cdx_file,https://web.archive.org/web/19980130212044/http://www.school.za:80/
www.se.gov.br,1998,cdx_timestamp,19981205201844,early_web_cdx,bulk_cdx_file,https://web.archive.org/web/19981205201844/http://www.se.gov.br:80/
www.sedbergh.sch.uk,1997,cdx_timestamp,19970404044751,early_web_cdx,bulk_cdx_file,https://web.archive.org/web/19970404044751/http://www.sedbergh.sch.uk:80/
www.sg,1996,cdx_timestamp,19961114221740,early_web_cdx,bulk_cdx_file,https://web.archive.org/web/19961114221740/http://www.sg:80/
www.shetland.sch.uk,1997,cdx_timestamp,19971018031052,early_web_cdx,bulk_cdx_file,https://web.archive.org/web/19971018031052/http://www.shetland.sch.uk:80/
www.slupsk.pl,1998,cdx_timestamp,19980207190755,early_web_cdx,bulk_cdx_file,https://web.archive.org/web/19980207190755/http://www.slupsk.pl:80/
www.starachowice.pl,1998,cdx_timestamp,19980213010632,early_web_cdx,bulk_cdx_file,https://web.archive.org/web/19980213010632/http://www.starachowice.pl:80/
www.sv,1996,cdx_timestamp,19961218215843,early_web_cdx,bulk_cdx_file,https://web.archive.org/web/19961218215843/http://www.sv:80/
www.swiebodzin.pl,1998,cdx_timestamp,19981202145652,early_web_cdx,bulk_cdx_file,https://web.archive.org/web/19981202145652/http://www.swiebodzin.pl:80/
www.swinoujscie.pl,1998,cdx_timestamp,19981203081926,early_web_cdx,bulk_cdx_file,https://web.archive.org/web/19981203081926/http://www.swinoujscie.pl:80/
www.szczecin.pl,1997,cdx_timestamp,19970129023551,early_web_cdx,bulk_cdx_file,https://web.archive.org/web/19970129023551/http://www.szczecin.pl:80/
www.tarnobrzeg.pl,1998,cdx_timestamp,19981203104415,early_web_cdx,bulk_cdx_file,https://web.archive.org/web/19981203104415/http://www.tarnobrzeg.pl:80/
www.tas.gov.au,1997,cdx_timestamp,19970111154849,early_web_cdx,bulk_cdx_file,https://web.archive.org/web/19970111154849/http://www.tas.gov.au:80/
www.tc,1998,cdx_timestamp,19980112231457,early_web_cdx,bulk_cdx_file,https://web.archive.org/web/19980112231457/http://www.tc:80/
www.te.ua,1998,cdx_timestamp,19980220145324,early_web_cdx,bulk_cdx_file,https://web.archive.org/web/19980220145324/http://www.te.ua:80/
www.ternopil.ua,1997,cdx_timestamp,19970415164454,early_web_cdx,bulk_cdx_file,https://web.archive.org/web/19970415164454/http://www.ternopil.ua:80/
www.tj,1998,cdx_timestamp,19981201044805,early_web_cdx,bulk_cdx_file,https://web.archive.org/web/19981201044805/http://www.tj:80/
www.tm,1999,cdx_timestamp,19990202070122,early_web_cdx,bulk_cdx_file,https://web.archive.org/web/19990202070122/http://www.tm:80/
www.tm.za,1997,cdx_timestamp,19970217093109,early_web_cdx,bulk_cdx_file,https://web.archive.org/web/19970217093109/http://www.tm.za:80/
www.to,1998,cdx_timestamp,19981111185001,early_web_cdx,bulk_cdx_file,https://web.archive.org/web/19981111185001/http://www.to:80/
www.to.gov.br,1998,cdx_timestamp,19981202012822,early_web_cdx,bulk_cdx_file,https://web.archive.org/web/19981202012822/http://www.to.gov.br:80/
www.ug,1996,cdx_timestamp,19961219193509,early_web_cdx,bulk_cdx_file,https://web.archive.org/web/19961219193509/http://www.ug:80/
www.vg,1998,cdx_timestamp,19980611064935,early_web_cdx,bulk_cdx_file,https://web.archive.org/web/19980611064935/http://www.vg:80/
www.vi,1997,cdx_timestamp,19970329094029,early_web_cdx,bulk_cdx_file,https://web.archive.org/web/19970329094029/http://www.vi:80/
www.vic.gov.au,1997,cdx_timestamp,19970101083003,early_web_cdx,bulk_cdx_file,https://web.archive.org/web/19970101083003/http://www.vic.gov.au:80/
www.vic.gov.au,1999,cdx_timestamp,19990117002722,early_web_cdx,bulk_cdx_file,https://web.archive.org/web/19990117002722/http://www.vic.gov.au:8080/
www.vinnica.ua,1998,cdx_timestamp,19980131192645,early_web_cdx,bulk_cdx_file,https://web.archive.org/web/19980131192645/http://www.vinnica.ua:80/
www.vu,1999,cdx_timestamp,19990421055300,early_web_cdx,bulk_cdx_file,https://web.archive.org/web/19990421055300/http://www.vu:80/
www.wa.gov.au,1997,cdx_timestamp,19970503084617,early_web_cdx,bulk_cdx_file,https://web.archive.org/web/19970503084617/http://www.wa.gov.au:80/
www.warszawa.pl,1998,cdx_timestamp,19981202104308,early_web_cdx,bulk_cdx_file,https://web.archive.org/web/19981202104308/http://www.warszawa.pl:80/
www.waw.pl,1998,cdx_timestamp,19981111190345,early_web_cdx,bulk_cdx_file,https://web.archive.org/web/19981111190345/http://www.waw.pl:80/
www.wigan.sch.uk,1997,cdx_timestamp,19970626070055,early_web_cdx,bulk_cdx_file,https://web.archive.org/web/19970626070055/http://www.wigan.sch.uk:80/
www.wloclawek.pl,1998,cdx_timestamp,19981212034139,early_web_cdx,bulk_cdx_file,https://web.archive.org/web/19981212034139/http://www.wloclawek.pl:80/
www.wroclaw.pl,1999,cdx_timestamp,19990424022704,early_web_cdx,bulk_cdx_file,https://web.archive.org/web/19990424022704/http://www.wroclaw.pl:80/
www.zaporizhzhe.ua,1996,cdx_timestamp,19961230012716,early_web_cdx,bulk_cdx_file,https://web.archive.org/web/19961230012716/http://www.zaporizhzhe.ua:80/
www.zt.ua,1998,cdx_timestamp,19981212034328,early_web_cdx,bulk_cdx_file,https://web.archive.org/web/19981212034328/http://www.zt.ua:80/
yahooprofile.com,2001,cdx_timestamp,20010201065700,ia_cdx,ia_cdx_year_query,https://web.archive.org/web/20010201065700/http://www.yahooprofile.com:80/
